{"count":1,"self":35.376064,"total":108.7206075,"children":{"InitializeActuators":{"count":10,"self":0.00099669999999999989,"total":0.00099669999999999989,"children":null},"InitializeSensors":{"count":10,"self":0.0019928999999999997,"total":0.0019928999999999997,"children":null},"AgentSendState":{"count":51684,"self":0.1333372,"total":0.5484945,"children":{"CollectObservations":{"count":103370,"self":0.073016799999999993,"total":0.073016799999999993,"children":null},"WriteActionMask":{"count":103370,"self":0.0139555,"total":0.0139555,"children":null},"RequestDecision":{"count":103370,"self":0.085917,"total":0.328185,"children":{"AgentInfo.ToProto":{"count":103370,"self":0.0691405,"total":0.24226799999999998,"children":{"GenerateSensorData":{"count":103370,"self":0.1731275,"total":0.1731275,"children":null}}}}}}},"DecideAction":{"count":51684,"self":71.2093184,"total":71.2093154,"children":null},"AgentAct":{"count":51684,"self":1.5797584999999998,"total":1.5827485,"children":{"AgentInfo.ToProto":{"count":153,"self":0.0019933,"total":0.00299,"children":{"GenerateSensorData":{"count":153,"self":0.00099669999999999989,"total":0.00099669999999999989,"children":null}}}}}},"gauges":{"Test.CumulativeReward":{"count":153,"max":1.80000031,"min":-0.6,"runningAverage":0.0620915927,"value":0.3000002,"weightedAverage":0.0371277556}},"metadata":{"timer_format_version":"0.1.0","start_time_seconds":"1709289690","unity_version":"2022.3.18f1","command_line_arguments":"E:\\UnityHub\\Editor\\2022.3.18f1\\Editor\\Unity.exe -projectpath E:\\Unity Projects\\Tank -useHub -hubIPC -cloudEnvironment production","communication_protocol_version":"1.5.0","com.unity.ml-agents_version":"2.3.0-exp.3","scene_name":"SampleScene","end_time_seconds":"1709289798"}}